"","team","season","tot_injured_value_lost","tot_injured_value_lost_off","tot_injured_value_lost_def"
"1","SF",2020,111.225656588828,75.6704078592033,35.1548251815476
"2","HOU",2021,102.010139567762,78.8546509832031,21.6929492904412
"3","SF",2024,100.985313828054,51.4685038235294,47.4591902986425
"4","CIN",2020,94.6767137819444,41.3733080944444,52.4752199375
"5","WAS",2019,90.9484630032051,76.9960296490385,13.9524333541667
"6","ARI",2022,90.8003332079832,75.9373901911765,12.147238487395
"7","BAL",2022,90.5781568751526,53.8218017640415,36.7563551111111
"8","WAS",2021,90.5775500686275,66.4959356176471,23.3022743921569
"9","CLE",2023,88.0878145816993,68.8747850555555,19.0871228039216
"10","BAL",2015,87.35561,76.492001,10.863609
"11","DAL",2020,86.9908494160353,72.2805217215909,14.7103276944444
"12","NYJ",2019,82.5542843213384,28.4813627430556,54.0729215782828
"13","CAR",2019,82.5421715535714,40.0825479375,35.7632356160714
"14","BAL",2021,82.2925545772059,28.1990014705882,54.0935531066176
"15","CLE",2024,81.0937617473039,56.1782294139706,23.2221273921569
"16","DAL",2015,78.979112,70.528757,8.450355
"17","CLE",2022,78.4169939792717,65.8594772470588,12.5575167322129
"18","HOU",2013,77.864071,22.663466,55.200605
"19","PIT",2019,76.877269139881,51.126687827381,25.7505813125
"20","MIN",2011,75.580547,60.326693,15.253854
"21","LAC",2023,74.2332809071321,64.4533022731092,9.77997863402284
"22","CIN",2019,73.7656883451923,55.5012241,18.2644642451923
"23","NYJ",2023,73.5431261219421,60.5905504379085,12.5196402605042
"24","DAL",2024,73.1095766764706,56.2201526764706,16.889424
"25","NYG",2023,72.6890485152661,53.7099936441177,14.0561837535014
"26","LAC",2015,72.613801,11.075638,61.538163
"27","SF",2015,71.820758,54.423239,17.397519
"28","CAR",2024,71.2246604235637,28.3395083054299,42.8851521181338
"29","ARI",2021,71.1610778347375,37.3484813373016,32.6406646196581
"30","SEA",2022,70.9897472447461,20.1043285290598,49.8172787156863
"31","WAS",2020,70.4371869870989,36.482716622393,33.9544703647059
"32","LA",2022,70.4069062235779,39.3232251544118,31.0836810691661
"33","NYG",2021,70.0324770411765,39.1439819411765,30.8884951
"34","NYJ",2021,69.4262125030966,36.2731735341423,33.1530389689542
"35","BUF",2015,69.251166,36.420207,32.830959
"36","BUF",2023,68.9787015420369,19.9677598947368,49.0109416473001
"37","ARI",2023,67.7003504767507,46.6159397002801,19.9657887764706
"38","TEN",2022,67.2708868877897,27.4020238818388,38.6606314765391
"39","NYJ",2005,66.154717,66.154717,0
"40","CAR",2020,66.0946345888889,10.2395469652778,54.2861721861111
"41","CIN",2013,64.829143,1.462073,57.011298
"42","CHI",2021,63.6575313464052,33.984959875817,29.6725714705882
"43","NO",2024,63.4404957294118,55.0243341411765,8.41616158823529
"44","CAR",2012,63.340544,25.823243,37.517301
"45","DET",2022,63.3044680916667,34.0589863397059,29.2454817519608
"46","NE",2013,63.205288,12.072346,51.132942
"47","PHI",2020,62.9656676197969,47.1758857983683,15.7897818214286
"48","PHI",2024,61.6227425769841,36.3151009007936,25.3076416761905
"49","SF",2018,60.23495,50.557297,9.677653
"50","CHI",2014,60.223651,29.378979,30.844672
"51","TEN",2014,60.131324,49.618741,10.512583
"52","TEN",2024,59.7705037708333,10.1352367647059,48.9108697120098
"53","PIT",2021,59.0731659237233,20.8523175726496,37.6482066288515
"54","BAL",2023,58.9160999127967,27.7844232285862,27.6572016842105
"55","NO",2021,58.3373244086007,33.7447951733066,18.5842402352941
"56","SF",2019,57.5439753434469,37.3516618140351,19.079667371517
"57","LAC",2016,57.40819025,38.0385638125,19.3696264375
"58","NE",2024,57.2090446588235,16.1894854117647,40.9044922470588
"59","DET",2021,57.0826909570378,35.6220675147059,21.3344096923319
"60","NO",2022,56.951295358066,42.8284698286542,14.1228255294118
"61","CLE",2015,56.926393,28.586543,28.33985
"62","LA",2013,56.335768,33.184856,23.150912
"63","DEN",2022,56.2866861824284,27.6148864422323,27.1448728382353
"64","HOU",2019,55.8672575714142,23.525477965812,32.3417796056022
"65","LV",2020,55.2989832200758,38.709393025,16.5895901950758
"66","TB",2022,54.5454322905983,38.1806436111111,16.3647886794872
"67","BUF",2022,54.496997990828,12.6201838001012,41.8768141907268
"68","KC",2011,53.557763,35.521588,18.036175
"69","MIA",2022,53.5392893611111,17.1608709444444,36.3784184166667
"70","BAL",2007,53.255971,15.054902,38.201069
"71","HOU",2011,52.918592,26.870144,26.048448
"72","MIN",2023,52.8927515294118,40.0608454705882,12.8319060588235
"73","LV",2005,52.524462,0,52.524462
"74","TB",2010,52.498141,22.178427,30.319714
"75","IND",2019,52.2626857329545,36.5593796666667,14.2661380662879
"76","NYG",2014,52.148751,19.576306,32.572445
"77","MIA",2017,51.985424125,43.782180125,8.203244
"78","JAX",2024,51.729515379085,36.6662279738562,15.0632874052288
"79","HOU",2023,51.7065120444135,25.9022340526316,23.309672728624
"80","HOU",2024,51.6555211298246,35.1738746912281,16.4816464385965
"81","MIA",2019,51.6448496506827,9.9278275849359,41.7170220657468
"82","NE",2015,51.047048,27.371007,23.676041
"83","JAX",2020,51.0445468674242,19.0346578125,27.3533968049242
"84","LAC",2014,51.017451,20.183291,22.426268
"85","LV",2021,50.4650707963585,26.579287003268,23.7888216819795
"86","NE",2020,50.4098370441177,26.1930655735294,24.2167714705882
"87","CAR",2023,50.2146657761268,23.537659342437,26.5272367278075
"88","PHI",2005,50.134606,34.439091,15.695515
"89","TB",2023,49.8791172763158,33.8588859473684,16.0202313289474
"90","SF",2021,49.5917075614434,19.2108493526316,29.6148895088118
"91","SF",2022,49.4619054722222,12.2263837055556,37.2355217666667
"92","SF",2014,49.40927,13.287208,36.122062
"93","CHI",2016,49.4065105625,28.5186795,20.8878310625
"94","LV",2024,48.7798110980392,15.3130856470588,33.4667254509804
"95","IND",2022,48.7236412879902,8.15590744485294,36.2655018431373
"96","NYJ",2012,48.7085,23.602143,25.106357
"97","NYJ",2020,48.4860267289141,20.199426375,27.7861642402778
"98","BAL",2020,47.93761775,18.2365641666667,27.8479704722222
"99","PHI",2021,47.7854069555556,32.9413099,14.8440970555556
"100","MIN",2020,47.7029929644605,9.5261965,38.0018361008242
"101","KC",2016,47.6778148823529,25.9487929411765,21.7290219411765
"102","ARI",2014,47.614057,38.033767,6.483899
"103","WAS",2014,47.564961,3.851898,43.713063
"104","DAL",2022,47.4770018673891,33.0229381831785,11.9211273684211
"105","TEN",2021,47.4099653344071,20.0104523055556,23.9115899621849
"106","JAX",2021,47.3685298592437,30.6583880357143,15.4664531764706
"107","BAL",2019,47.3247901205882,5.46545204313725,41.859338077451
"108","MIA",2023,47.2443595849673,26.039934751634,21.2044248333333
"109","IND",2023,47.1619399598262,35.0002891448529,12.1616508149733
"110","PIT",2024,47.1229894222222,24.47435,19.5512762555556
"111","CIN",2024,46.6140153411765,24.3467438907563,19.5119101680672
"112","GB",2023,46.2447759401079,14.397977374613,30.7310755654949
"113","MIA",2024,45.940610777591,36.1062720717087,8.93149470588235
"114","NYG",2020,45.6732602504121,34.1186537464286,11.3603146289835
"115","TEN",2015,45.578691,9.735588,35.843103
"116","CHI",2020,45.4221274385621,20.1140860856209,25.1643563529412
"117","NYG",2013,44.844523,34.43283,10.411693
"118","JAX",2019,44.7085765650641,18.4793086458333,26.2292679192308
"119","TEN",2023,44.4150636521199,16.3232847647059,27.720361019767
"120","PIT",2012,44.184753,40.345808,3.838945
"121","CHI",2019,44.0486146041667,20.447493625,23.6011209791667
"122","CIN",2023,43.9776760294118,33.7209606470588,10.2567153823529
"123","TB",2024,43.8778791142857,26.6830301587302,16.3294249972222
"124","DEN",2013,43.775396,23.834146,19.94125
"125","NYG",2022,43.7241464353469,23.9350838208333,19.7890626145136
"126","MIN",2021,43.7180035294118,20.0562458823529,23.6617576470588
"127","MIA",2016,43.6310286120938,10.4500298823529,33.1809987297408
"128","NYJ",2016,43.4895971875,27.58223385,15.9073633375
"129","WAS",2018,43.3818066875,36.521168125,6.5158181875
"130","HOU",2016,43.0752985555556,3.56035372222222,38.5394438333333
"131","TB",2021,43.0346054831574,26.7219426527911,15.3356904093137
"132","DET",2020,42.9171713417832,15.1993161410256,27.7178552007576
"133","ATL",2019,42.867174672619,16.093204375,22.1504595833333
"134","CHI",2011,42.848546,41.338837,1.509709
"135","ATL",2023,42.7466926196078,15.0618611764706,26.9649714431373
"136","DAL",2023,42.568431379085,9.5564272124183,33.0120041666667
"137","NE",2023,42.5238057249874,21.8686264177979,20.6551793071895
"138","SEA",2011,42.1686145,39.145995,3.0226195
"139","CAR",2021,42.0033558382353,16.0684500882353,24.269954
"140","HOU",2017,41.910972110119,16.4417226517857,25.4692494583333
"141","DET",2024,41.6992088761905,13.9851892539683,27.7140196222222
"142","TEN",2019,41.6848485598997,21.6845369508772,15.6880863984962
"143","SEA",2018,41.6158367205882,1.77697276470588,39.8388639558824
"144","LAC",2020,41.4246567356019,27.3935966590909,14.031060076511
"145","BUF",2020,41.3873786624896,20.0399082940685,21.347470368421
"146","PHI",2019,41.3533655882353,20.2522152352941,21.1011503529412
"147","NYJ",2024,40.9582119128151,14.6158581806723,23.9873191218487
"148","NO",2020,40.9519169267974,25.8544972222222,14.0237717045752
"149","ARI",2012,40.771854,40.771854,0
"150","TB",2015,40.744543,29.047044,11.697499
"151","ARI",2020,40.6126009666667,11.5065935625,27.9582869041667
"152","JAX",2018,40.527868,38.5696175,0.666824125
"153","GB",2020,40.4837279913044,24.2901534393939,15.6124950519105
"154","SEA",2020,40.3645898325263,20.6324422647059,19.7321475678204
"155","WAS",2022,40.2207946397059,30.1661322941176,10.0546623455882
"156","IND",2017,39.9828526928571,33.9077301125,6.07512258035714
"157","DEN",2020,39.9521935086538,16.3314574470588,23.2644233557127
"158","HOU",2022,39.9288489979638,19.8299452794118,20.098903718552
"159","GB",2024,39.8940503068376,15.1856093461538,23.8393569606838
"160","MIA",2021,39.7947118291316,27.3579023389356,12.4368094901961
"161","DEN",2021,39.7073697237664,21.1166051047188,18.5907646190476
"162","ATL",2022,39.5120010626517,20.6388171256769,17.3712439369748
"163","LV",2022,39.3207090448763,26.0205483177521,13.3001607271242
"164","PHI",2012,39.188676,39.188676,0
"165","NE",2008,39.185965,39.185965,0
"166","SEA",2021,39.0656177058824,17.9325782352941,21.1330394705882
"167","CLE",2021,39.0149450194112,27.4113961575415,11.5692544243697
"168","PIT",2016,38.9459522631579,8.74139505263158,30.2045572105263
"169","LAC",2022,38.847190125,20.1249559027778,18.7222342222222
"170","CIN",2018,38.8003864086538,27.481058,11.3193284086538
"171","DET",2023,38.7199644936275,22.7088645936274,14.5530375
"172","NO",2019,38.6364225156863,25.0853942745098,13.5510282411765
"173","CHI",2013,38.381411,0,38.381411
"174","SF",2017,38.2109535625,16.0299586875,22.180994875
"175","ARI",2017,38.0593871875,34.6849699375,2.68437425
"176","PHI",2023,37.938787218254,12.1757234444444,25.7630637738095
"177","SEA",2023,37.9235892406417,12.6189689465241,25.3046202941176
"178","TB",2014,37.91063,4.600152,33.310478
"179","CIN",2022,37.4995485,14.29413395,21.15639875
"180","TB",2016,37.2336668715909,36.2563146215909,0.97735225
"181","KC",2012,37.210839,37.210839,0
"182","SEA",2019,37.1267533888889,26.5596262777778,10.5671271111111
"183","CHI",2009,36.759789,0,36.759789
"184","CLE",2019,36.7554300791667,11.4645258666667,25.2909042125
"185","NYG",2024,36.6796099035141,10.5146888067227,22.767705155615
"186","ATL",2018,36.6602590625,18.74292975,17.5987585625
"187","LV",2014,36.55725,0,36.55725
"188","MIA",2010,36.39909,13.724614,22.674476
"189","ATL",2013,36.340132,26.255194,10.084938
"190","ARI",2024,36.2592635713437,8.07335605882353,24.1484526301672
"191","LA",2024,36.1011377960526,29.7737371578947,6.262882375
"192","IND",2024,35.9326695143791,21.0692805764706,14.4524354084967
"193","GB",2017,35.8795380144231,29.8038966875,3.99803825
"194","SEA",2008,35.782404,35.782404,0
"195","NE",2004,35.782125,0,35.782125
"196","BUF",2012,35.589756,27.910553,7.679203
"197","WAS",2015,35.311285,17.318797,17.992488
"198","LV",2012,34.791277,0,34.791277
"199","LAC",2019,34.7441592327534,20.8537607029915,13.8903985297619
"200","CHI",2023,34.6382136681373,18.8432039705882,15.795009697549
"201","CHI",2022,34.3065348593137,19.9553604794118,14.0811985563726
"202","LV",2015,34.296364,12.595489,21.700875
"203","CLE",2004,34.280089,8.813856,25.466233
"204","IND",2021,34.2677884585561,22.1250386764706,11.3159175467914
"205","KC",2020,34.0994062795568,24.1781085988551,9.92129768070175
"206","DAL",2010,33.928904,33.928904,0
"207","BUF",2024,33.7850257523396,8.05809975,25.7269260023396
"208","KC",2019,33.7042171729323,19.1311363308271,14.5730808421053
"209","LAC",2012,33.641046,32.039943,1.601103
"210","PIT",2022,33.5769716,12.1194956470588,19.4853903647059
"211","MIN",2024,33.5437779925519,22.0340816147741,10.8848912666667
"212","NO",2014,33.491456,4.828271,28.663185
"213","BUF",2021,33.0016660660655,9.78384204453441,23.2178240215311
"214","PHI",2006,32.979414,32.979414,0
"215","CIN",2021,32.9078522142857,8.28466228571429,24.5535499285714
"216","BAL",2002,32.839898,2.210793,30.629105
"217","TEN",2018,32.7270636458333,15.6645143958333,16.16339425
"218","CLE",2020,32.7119338577534,14.1461161910867,18.5658176666667
"219","DEN",2019,32.7063879833333,12.4503350875,20.2560528958333
"220","ATL",2015,32.575823,0,27.0547
"221","JAX",2012,32.521371,20.523447,11.997924
"222","SEA",2012,32.49471,0,32.49471
"223","LV",2023,32.442751486631,20.5622585,11.612222986631
"224","NO",2023,32.390905622549,22.7229010735294,9.66800454901961
"225","IND",2013,32.1990675,30.8586965,1.340371
"226","JAX",2022,32.1888534798246,7.3723100877193,23.8711253921053
"227","JAX",2023,31.9481138125404,15.5564268713639,16.3916869411765
"228","NYJ",2022,31.7982321983193,26.0802036689076,5.71802852941176
"229","PIT",2020,31.7697760006313,16.0648988541667,14.9396506464646
"230","BAL",2012,31.616208,2.83157,28.784638
"231","MIA",2020,31.6002599553571,15.2336282303571,16.366631725
"232","HOU",2020,31.1898836664141,11.4442006152778,19.7456830511364
"233","ARI",2016,31.1334694031746,15.0783325406746,16.0551368625
"234","NO",2015,31.0566855,18.2781685,12.778517
"235","NE",2021,30.9136568492064,9.70101494444445,20.2193192380952
"236","BAL",2017,30.780623125,23.09783525,7.682787875
"237","IND",2007,30.737615,0,30.737615
"238","PIT",2023,30.6581908803419,6.03953177777778,24.4673415470085
"239","BAL",2005,30.629105,0,30.629105
"240","LA",2011,30.477698,28.978246,1.499452
"241","TB",2011,29.950291,0,29.950291
"242","LA",2002,29.831527,29.831527,0
"243","LV",2019,29.756366875,18.9053435,10.851023375
"244","NYG",2015,29.6692825,16.84011,12.103307
"245","DAL",2021,29.620088531746,18.6088438888889,10.6144359206349
"246","NE",2017,29.5920160026316,10.9796045684211,18.6124114342105
"247","CAR",2022,29.461084771505,8.62949857058824,19.4506152009167
"248","NYG",2006,29.446299,0,29.446299
"249","TB",2012,29.372924,24.61222,4.760704
"250","NE",2019,29.3398702478992,13.0768034243697,11.4416000588235
"251","GB",2021,29.1337596676937,14.2116422222222,14.9221174454715
"252","SF",2023,29.0978993580087,11.9356592,17.1622401580087
"253","NYG",2019,29.0772073261905,25.5402296803571,3.01774264583333
"254","KC",2017,29.0448711764706,4.28645752941176,24.7584136470588
"255","MIN",2016,28.9043489375,22.3502856875,6.55406325
"256","WAS",2024,28.8808813318182,8.80055625,19.8483109
"257","CLE",2002,28.830364,0,28.830364
"258","DAL",2019,28.8086778069444,8.4441635625,20.3645142444444
"259","NO",2008,28.617351,23.95098,4.666371
"260","KC",2023,28.5187838388278,19.8344016666667,8.68438217216117
"261","CLE",2003,28.508575,0,25.435847
"262","NE",2022,28.4590397379679,10.3118242673797,14.9797564705882
"263","TEN",2010,28.409325,21.916297,6.493028
"264","NO",2018,28.3974733888889,17.510597,10.8868763888889
"265","WAS",2004,28.391098,28.391098,0
"266","WAS",2006,28.391098,28.391098,0
"267","DEN",2011,28.284296,13.208076,15.07622
"268","GB",2022,28.2237771720143,15.5328314661319,12.6909457058824
"269","HOU",2010,28.090453,1.179566,26.910887
"270","CAR",2007,27.922597,2.117855,25.804742
"271","WAS",2023,27.896609035014,14.1279975742297,13.7686114607843
"272","KC",2015,27.868657,26.386529,1.482128
"273","BUF",2011,27.834877,8.494036,19.340841
"274","WAS",2010,27.737237,18.501012,9.236225
"275","BAL",2014,27.596389,17.575313,8.193791
"276","KC",2024,27.4865362058442,17.5587905,7.81739737857143
"277","NE",2014,27.412671,3.658132,23.754539
"278","CAR",2011,27.288871,0,27.288871
"279","BAL",2024,27.2863680603715,7.29502984210526,19.9913382182663
"280","CLE",2014,27.273543,26.161142,1.112401
"281","MIA",2012,27.193448,27.193448,0
"282","NYG",2017,27.1329116641484,18.2145453035714,8.91836636057692
"283","LV",2013,27.092774,1.29909,25.793684
"284","NYJ",2017,27.0657253581349,23.5883066706349,3.4774186875
"285","DEN",2023,26.9468715882353,13.2641702352941,13.6827013529412
"286","DET",2019,26.8803487890693,11.1191851640693,15.761163625
"287","ARI",2019,26.8747384215812,8.42842826388889,18.2493575326923
"288","TEN",2020,26.8547961902778,13.1090011666667,12.2631977013889
"289","BUF",2016,26.8159524392857,14.6276136625,12.1883387767857
"290","CAR",2013,26.727159,2.857462,23.869697
"291","LA",2007,26.256696,26.256696,0
"292","LV",2008,26.248374,24.912051,1.336323
"293","BAL",2008,26.169748,1.381228,24.78852
"294","MIA",2011,26.13294,26.13294,0
"295","MIN",2014,25.81945,25.81945,0
"296","DET",2012,25.81478,15.595623,10.219157
"297","SEA",2017,25.7258360170455,2.85650575,22.8693302670455
"298","KC",2004,25.637474,25.637474,0
"299","KC",2005,25.637474,25.637474,0
"300","TB",2020,25.6277517065108,17.8757210123932,7.73976774411765
"301","WAS",2016,25.4759553390152,10.6132758125,14.8626795265152
"302","ATL",2014,25.448721,9.898984,15.549737
"303","PHI",2022,25.3089427642857,10.344278375,13.950732275
"304","WAS",2017,25.2685938566919,16.988990375,8.27960348169192
"305","NYG",2004,25.064818,0,25.064818
"306","CLE",2016,24.9583738125,22.3654296696429,1.783773
"307","LA",2014,24.886113,22.411927,2.474186
"308","SF",2016,24.869824875,4.1294584375,20.7403664375
"309","DET",2002,24.716223,0,24.716223
"310","LA",2006,24.677828,24.677828,0
"311","SEA",2009,24.491228,24.491228,0
"312","GB",2016,24.4266366519139,2.34491251315789,22.081724138756
"313","LAC",2013,24.206678,8.913101,15.293577
"314","MIN",2019,24.14240075,15.5470309444444,8.59536980555555
"315","DAL",2013,24.12288,0,24.12288
"316","CIN",2011,24.102514,0,24.102514
"317","ATL",2012,23.801453,0,23.801453
"318","WAS",2012,23.764691,14.063568,9.701123
"319","CHI",2004,23.450611,0,23.450611
"320","CHI",2017,23.303146875,11.6843985625,9.8215023125
"321","SEA",2014,23.290797,10.125112,13.165685
"322","CHI",2024,23.2745895907563,13.4741123638655,8.29461222689076
"323","JAX",2013,23.10655,18.112729,4.993821
"324","NO",2013,22.942133,0,22.942133
"325","KC",2021,22.8331377906863,16.4072518906863,6.32421885
"326","DAL",2012,22.801757,0,22.801757
"327","MIA",2018,22.646462375,20.19760425,2.448858125
"328","PHI",2018,22.5500174444444,4.87220427777778,17.6778131666667
"329","NYG",2016,22.478381,14.3292841764706,8.14909682352941
"330","LV",2018,22.462453625,9.100471875,10.4857355
"331","HOU",2015,22.357392,21.168223,1.189169
"332","MIN",2022,22.1233191611722,7.75821094444444,14.3651082167277
"333","GB",2019,22.0641482222222,19.4256113888889,2.63853683333333
"334","NE",2011,21.920254,14.205808,7.714446
"335","LA",2023,21.8770897166918,16.0260958235294,5.36053055982906
"336","KC",2018,21.8434898888889,16.095741,5.74774888888889
"337","DEN",2018,21.8158956875,19.3920651875,1.63602
"338","HOU",2014,21.758042,6.820212,14.93783
"339","CLE",2008,21.693689,21.693689,0
"340","BAL",2016,21.6609175625,5.8056125625,15.855305
"341","LAC",2018,21.5968974444444,5.0976045,16.4992929444444
"342","CIN",2012,21.549591,1.570356,13.834983
"343","NO",2016,21.5357359444444,4.93894125,16.5967946944444
"344","JAX",2014,21.4589523333333,1.842548,19.6164043333333
"345","LAC",2021,21.3545422717246,8.38790338937166,12.9666388823529
"346","CAR",2009,21.337236,21.337236,0
"347","IND",2014,21.269491,19.236561,2.03293
"348","DEN",2012,21.166312,6.986573,14.179739
"349","PIT",2010,21.096009,21.096009,0
"350","TB",2005,21.072253,21.072253,0
"351","CAR",2010,21.02511,21.02511,0
"352","PIT",2011,20.959048,18.19662,2.762428
"353","DEN",2024,20.8347051111111,6.02504061111111,14.8096645
"354","DEN",2017,20.6237271875,10.5074818125,10.116245375
"355","MIA",2015,20.461709,1.246452,19.215257
"356","HOU",2003,20.419403,0,20.419403
"357","IND",2020,20.3417220473039,8.68056555514706,11.1550115509804
"358","IND",2018,20.3383259218559,12.9393748888889,7.39895103296703
"359","SEA",2013,20.300279,20.300279,0
"360","CHI",2015,20.13816,8.776002,11.362158
"361","LAC",2024,19.9243226444444,9.93649377777778,9.98782886666667
"362","KC",2014,19.904845,8.000969,11.903876
"363","WAS",2009,19.894817,19.894817,0
"364","NO",2017,19.8243111666667,12.1838704444444,7.64044072222222
"365","GB",2013,19.577176,17.661489,1.915687
"366","GB",2018,19.5146977356061,2.33149841477273,17.1831993208333
"367","MIN",2010,19.160784,19.160784,0
"368","TB",2019,19.1514445496934,14.5728138849206,4.57863066477273
"369","JAX",2016,19.1317168483516,11.9336516964286,7.19806515192308
"370","ATL",2021,19.0406892642785,8.26355342081448,9.92235024346405
"371","ARI",2005,19.023282,13.061988,5.961294
"372","BUF",2014,18.96804,6.901278,12.066762
"373","SEA",2016,18.6881070396825,6.97174381746032,11.6084737777778
"374","CIN",2010,18.594858,15.889431,1.33107
"375","CIN",2008,18.541695,0.818345,17.72335
"376","LAC",2017,18.225310625,9.379612875,8.2187515
"377","DET",2018,18.082164375,13.731528375,4.350636
"378","ATL",2024,18.0633879906863,5.36698488235294,11.1857547671569
"379","SEA",2024,18.0156663995098,6.66184141176471,11.1078579877451
"380","CAR",2018,18.01122675,6.49801025,10.676168
"381","TB",2018,17.8891670416667,5.79015225,12.0990147916667
"382","SF",2010,17.6594,17.6594,0
"383","PHI",2017,17.4539710526316,10.6010415789474,5.31976336842105
"384","PIT",2015,17.338374,4.427998,12.910376
"385","CIN",2017,17.1231126875,12.323649875,4.7994628125
"386","DET",2016,16.7615182119909,12.4675269178733,3.19695529411765
"387","LA",2021,16.7059505007937,12.4210774412698,4.28487305952381
"388","JAX",2015,16.703527,10.795183,5.908344
"389","JAX",2017,16.697311391862,12.6573388129146,1.579904
"390","LAC",2010,16.676248,16.676248,0
"391","CHI",2018,16.3595245882353,14.7539052352941,1.60561935294118
"392","ARI",2018,16.338507775,11.2183666875,3.552775775
"393","CAR",2017,16.3254997352941,11.0418501764706,5.28364955882353
"394","IND",2016,16.2304832884615,3.5199649375,12.7105183509615
"395","NYJ",2018,16.1930524513889,11.9192736388889,4.2737788125
"396","CLE",2018,16.1268190288462,2.53972140384615,13.587097625
"397","DET",2014,15.947375,0,15.947375
"398","TEN",2012,15.763219,14.31625,1.446969
"399","IND",2015,15.606344,8.00594,7.600404
"400","GB",2010,15.556796,12.2499,3.306896
"401","CLE",2017,15.2847862071429,1.0301306,14.2546556071429
"402","PIT",2018,15.056819125,2.3161625,12.0399485
"403","ARI",2007,14.991034,14.991034,0
"404","DEN",2002,14.864544,14.864544,0
"405","DAL",2014,14.8179,0,14.8179
"406","KC",2022,14.8044207232143,10.7759429232143,3.7069246
"407","DET",2013,14.764898,7.576821,7.188077
"408","MIN",2013,14.547804,11.50895,3.038854
"409","DET",2015,14.385232,10.975126,3.410106
"410","DET",2017,14.3162345790598,3.26980726655983,10.317602625
"411","BUF",2009,14.314743,4.237938,10.076805
"412","CAR",2016,14.1056745625,9.9368701875,2.3402114375
"413","LA",2020,13.9548395388889,7.00985902777778,5.78666361111111
"414","ATL",2020,13.9116013125,7.074949875,6.7785434375
"415","IND",2006,13.715088,13.715088,0
"416","DET",2009,13.701612,13.701612,0
"417","BUF",2019,13.5711761830065,9.0872174117647,4.48395877124183
"418","WAS",2011,13.464837,2.681791,10.783046
"419","TEN",2011,13.43163,4.153956,9.277674
"420","NE",2016,13.3950113385965,3.2341625754386,10.1608487631579
"421","NO",2012,13.390682,6.694422,6.69626
"422","DET",2010,13.368267,7.352982,0
"423","DEN",2007,13.078554,8.211765,4.866789
"424","PIT",2014,12.910376,0,12.910376
"425","MIN",2018,12.8273549111111,9.9404805,2.88687441111111
"426","CHI",2007,12.792577,11.583701,1.208876
"427","GB",2012,12.451618,6.996152,5.455466
"428","LA",2015,12.431667,1.027903,11.403764
"429","DEN",2016,12.3561491875,8.36185325,3.9942959375
"430","HOU",2018,12.0829520522876,3.56603075816993,8.51692129411765
"431","LA",2012,11.929958,11.929958,0
"432","NYG",2018,11.7200145719697,8.13112620833333,3.58888836363636
"433","LA",2019,11.4220270843254,4.87412123611111,6.54790584821429
"434","BAL",2018,11.3996751176471,5.77992776470588,5.61974735294118
"435","MIA",2014,11.021052,6.297744,4.723308
"436","LA",2017,10.7532471764706,4.32672664705882,5.76269517647059
"437","DAL",2016,10.6948725294118,8.86604017647059,1.82883235294118
"438","PIT",2007,10.692245,5.902049,4.790196
"439","TEN",2016,10.49924425,8.828777375,1.670466875
"440","DAL",2018,10.4205984487179,7.74931483333333,2.67128361538462
"441","TB",2017,10.182403125,5.50285325,2.485238125
"442","ATL",2009,10.111636,3.507024,6.604612
"443","LV",2016,10.0621079411765,5.42286376470588,4.63924417647059
"444","PHI",2010,10.022739,0,10.022739
"445","TEN",2013,9.973075,7.298053,2.675022
"446","CIN",2016,9.9714035,6.3140195,3.657384
"447","PHI",2015,9.822897,1.133594,8.689303
"448","NYJ",2014,9.807949,2.623032,7.184917
"449","NE",2018,9.66208194736842,6.72105294736842,2.941029
"450","MIA",2009,9.627586,9.627586,0
"451","TB",2013,9.423891,6.669724,2.754167
"452","LV",2017,9.4092765625,2.889535375,1.5041721875
"453","PIT",2013,9.165914,7.68079,1.485124
"454","ATL",2016,9.13478952631579,2.56194884210526,6.57284068421053
"455","NYJ",2015,9.002884,5.998093,3.004791
"456","ARI",2015,8.60676,0,8.60676
"457","WAS",2007,8.522947,0,8.522947
"458","CIN",2015,8.455337,0,8.455337
"459","DEN",2008,8.211765,8.211765,0
"460","ARI",2013,8.180894,0,8.180894
"461","CHI",2012,8.102819,8.102819,0
"462","ATL",2017,8.00745961111111,2.34358255555556,5.66387705555556
"463","ARI",2011,7.948303,0,7.948303
"464","BAL",2013,7.603293,7.603293,0
"465","MIN",2017,7.52456677777778,6.29420677777778,0.930667
"466","HOU",2009,7.420716,7.420716,0
"467","HOU",2007,7.415005,0,7.415005
"468","HOU",2012,7.406604,0,7.406604
"469","MIA",2013,7.399935,7.399935,0
"470","SF",2008,7.377236,7.377236,0
"471","NE",2010,7.35876,0,0
"472","LAC",2011,7.223729,0,7.223729
"473","IND",2012,7.092412,4.374133,2.718279
"474","MIN",2015,6.816374,1.89987,4.916504
"475","NYJ",2003,6.781059,0,6.781059
"476","LA",2016,6.603292125,3.8873188125,2.7159733125
"477","DAL",2017,6.5813598125,1.983937,4.5974228125
"478","DEN",2014,6.333287,1.965936,4.367351
"479","PHI",2016,6.2849719375,1.7153419375,4.56963
"480","GB",2015,6.276803,0,6.276803
"481","CAR",2015,6.267568,2.857462,3.410106
"482","WAS",2013,5.827896,5.827896,0
"483","SEA",2015,5.7026265,5.4839895,0.218637
"484","TEN",2017,5.67168865079365,4.56715242857143,0.772951277777778
"485","PIT",2004,5.63308,0,5.63308
"486","SEA",2002,5.627492,5.627492,0
"487","JAX",2011,5.612517,0,5.612517
"488","PIT",2017,5.60482035294118,1.011617,4.59320335294118
"489","KC",2007,5.515693,5.515693,0
"490","BUF",2017,5.49694462558357,3.46318050793651,2.03376411764706
"491","LA",2018,5.41579131578947,2.45339673684211,2.96239457894737
"492","NE",2002,5.360093,5.360093,0
"493","MIA",2005,5.306433,0,5.306433
"494","GB",2005,5.261923,5.261923,0
"495","BAL",2010,5.185761,5.185761,0
"496","CLE",2010,5.093269,0,5.093269
"497","NYG",2008,5.063922,0,5.063922
"498","MIN",2012,5.01652,5.01652,0
"499","GB",2006,4.999476,4.999476,0
"500","IND",2011,4.767662,2.3458,2.421862
"501","PIT",2008,4.743993,4.743993,0
"502","NYG",2010,4.695576,0.876558,3.819018
"503","NO",2010,4.524916,4.524916,0
"504","MIA",2006,4.470849,0,4.470849
"505","MIA",2007,4.470849,0,4.470849
"506","NYJ",2010,4.445257,0,4.445257
"507","NYJ",2011,4.445257,0,4.445257
"508","CLE",2011,4.341844,1.588802,2.753042
"509","BUF",2013,4.338858,0,3.049544
"510","NO",2011,4.300638,4.300638,0
"511","NE",2012,4.096335,1.020726,3.075609
"512","CLE",2006,4.057981,1.183863,2.874118
"513","CLE",2012,4.044958,1.291916,2.753042
"514","KC",2013,3.8513805,2.4891385,1.362242
"515","GB",2011,3.828203,3.828203,0
"516","DEN",2009,3.824813,1.691089,2.133724
"517","NYG",2007,3.819018,0,3.819018
"518","DAL",2011,3.818898,2.933682,0.885216
"519","NYG",2011,3.772727,3.772727,0
"520","CLE",2013,3.721693,3.721693,0
"521","DEN",2006,3.695294,0,3.695294
"522","LV",2011,3.569421,0,3.569421
"523","NYG",2012,3.53385,2.291864,1.241986
"524","SEA",2010,3.394681,2.10308,1.291601
"525","BUF",2007,3.26045,0,3.26045
"526","ARI",2008,3.24931,0,3.24931
"527","TEN",2008,3.093498,0,3.093498
"528","CLE",2009,2.874118,0,2.874118
"529","DEN",2004,2.771835,0,2.771835
"530","NE",2006,2.737255,0,2.737255
"531","NYJ",2013,2.727377,2.727377,0
"532","NO",2006,2.418707,0,2.418707
"533","DEN",2010,2.059614,0.200661,1.858953
"534","BUF",2018,1.960033875,0.693273,0.437983875
"535","DET",2003,1.888999,0,1.888999
"536","DEN",2015,1.873588,1.873588,0
"537","CLE",2007,1.556092,0,1.556092
"538","LA",2009,1.499452,0,1.499452
"539","CIN",2009,1.488184,0,1.488184
"540","SF",2012,1.437587,1.437587,0
"541","CIN",2014,1.38459,1.309647,0.074943
"542","NE",2005,1.382842,1.382842,0
"543","IND",2010,1.378124,0,1.378124
"544","PHI",2014,1.346062,0,1.346062
"545","BAL",2009,1.297274,0,1.297274
"546","ATL",2003,1.269562,1.269562,0
"547","PIT",2009,1.259805,0,1.259805
"548","SF",2013,1.21911,1.21911,0
"549","GB",2014,1.200979,1.200979,0
"550","SF",2011,1.089722,1.089722,0
"551","MIA",2008,1.079897,1.079897,0
"552","LAC",2009,1.044163,1.044163,0
"553","WAS",2005,0.995977,0,0.995977
"554","JAX",2007,0.992255,0,0.992255
"555","PHI",2011,0.992008,0,0.992008
"556","WAS",2008,0.952013,0,0.952013
"557","LAC",2006,0.260913,0.260913,0
"558","ARI",1997,0,0,0
"559","ARI",1998,0,0,0
"560","ARI",1999,0,0,0
"561","ARI",2000,0,0,0
"562","ARI",2001,0,0,0
"563","ARI",2002,0,0,0
"564","ARI",2003,0,0,0
"565","ARI",2004,0,0,0
"566","ARI",2006,0,0,0
"567","ARI",2009,0,0,0
"568","ARI",2010,0,0,0
"569","ATL",1998,0,0,0
"570","ATL",1999,0,0,0
"571","ATL",2000,0,0,0
"572","ATL",2001,0,0,0
"573","ATL",2002,0,0,0
"574","ATL",2004,0,0,0
"575","ATL",2005,0,0,0
"576","ATL",2006,0,0,0
"577","ATL",2007,0,0,0
"578","ATL",2008,0,0,0
"579","ATL",2010,0,0,0
"580","ATL",2011,0,0,0
"581","BAL",1996,0,0,0
"582","BAL",1997,0,0,0
"583","BAL",1998,0,0,0
"584","BAL",1999,0,0,0
"585","BAL",2000,0,0,0
"586","BAL",2001,0,0,0
"587","BAL",2003,0,0,0
"588","BAL",2004,0,0,0
"589","BAL",2006,0,0,0
"590","BAL",2011,0,0,0
"591","BUF",1998,0,0,0
"592","BUF",1999,0,0,0
"593","BUF",2000,0,0,0
"594","BUF",2001,0,0,0
"595","BUF",2002,0,0,0
"596","BUF",2003,0,0,0
"597","BUF",2004,0,0,0
"598","BUF",2005,0,0,0
"599","BUF",2006,0,0,0
"600","BUF",2008,0,0,0
"601","BUF",2010,0,0,0
"602","CAR",2000,0,0,0
"603","CAR",2001,0,0,0
"604","CAR",2002,0,0,0
"605","CAR",2003,0,0,0
"606","CAR",2004,0,0,0
"607","CAR",2005,0,0,0
"608","CAR",2006,0,0,0
"609","CAR",2008,0,0,0
"610","CAR",2014,0,0,0
"611","CHI",2000,0,0,0
"612","CHI",2001,0,0,0
"613","CHI",2002,0,0,0
"614","CHI",2003,0,0,0
"615","CHI",2005,0,0,0
"616","CHI",2006,0,0,0
"617","CHI",2008,0,0,0
"618","CHI",2010,0,0,0
"619","CIN",2001,0,0,0
"620","CIN",2002,0,0,0
"621","CIN",2003,0,0,0
"622","CIN",2004,0,0,0
"623","CIN",2005,0,0,0
"624","CIN",2006,0,0,0
"625","CIN",2007,0,0,0
"626","CLE",1999,0,0,0
"627","CLE",2000,0,0,0
"628","CLE",2001,0,0,0
"629","CLE",2005,0,0,0
"630","DAL",1995,0,0,0
"631","DAL",1996,0,0,0
"632","DAL",1997,0,0,0
"633","DAL",1998,0,0,0
"634","DAL",1999,0,0,0
"635","DAL",2000,0,0,0
"636","DAL",2001,0,0,0
"637","DAL",2002,0,0,0
"638","DAL",2003,0,0,0
"639","DAL",2004,0,0,0
"640","DAL",2005,0,0,0
"641","DAL",2006,0,0,0
"642","DAL",2007,0,0,0
"643","DAL",2008,0,0,0
"644","DAL",2009,0,0,0
"645","DEN",1993,0,0,0
"646","DEN",1994,0,0,0
"647","DEN",1995,0,0,0
"648","DEN",1996,0,0,0
"649","DEN",1997,0,0,0
"650","DEN",1998,0,0,0
"651","DEN",1999,0,0,0
"652","DEN",2000,0,0,0
"653","DEN",2001,0,0,0
"654","DEN",2003,0,0,0
"655","DEN",2005,0,0,0
"656","DET",1995,0,0,0
"657","DET",1996,0,0,0
"658","DET",1997,0,0,0
"659","DET",1998,0,0,0
"660","DET",1999,0,0,0
"661","DET",2000,0,0,0
"662","DET",2001,0,0,0
"663","DET",2004,0,0,0
"664","DET",2005,0,0,0
"665","DET",2006,0,0,0
"666","DET",2007,0,0,0
"667","DET",2008,0,0,0
"668","DET",2011,0,0,0
"669","GB",1994,0,0,0
"670","GB",1995,0,0,0
"671","GB",1996,0,0,0
"672","GB",1997,0,0,0
"673","GB",1998,0,0,0
"674","GB",1999,0,0,0
"675","GB",2000,0,0,0
"676","GB",2001,0,0,0
"677","GB",2002,0,0,0
"678","GB",2003,0,0,0
"679","GB",2004,0,0,0
"680","GB",2007,0,0,0
"681","GB",2008,0,0,0
"682","GB",2009,0,0,0
"683","HOU",2002,0,0,0
"684","HOU",2004,0,0,0
"685","HOU",2005,0,0,0
"686","HOU",2006,0,0,0
"687","HOU",2008,0,0,0
"688","IND",1994,0,0,0
"689","IND",1995,0,0,0
"690","IND",1996,0,0,0
"691","IND",1997,0,0,0
"692","IND",1998,0,0,0
"693","IND",1999,0,0,0
"694","IND",2000,0,0,0
"695","IND",2001,0,0,0
"696","IND",2002,0,0,0
"697","IND",2003,0,0,0
"698","IND",2004,0,0,0
"699","IND",2005,0,0,0
"700","IND",2008,0,0,0
"701","IND",2009,0,0,0
"702","JAX",1995,0,0,0
"703","JAX",1996,0,0,0
"704","JAX",1997,0,0,0
"705","JAX",1998,0,0,0
"706","JAX",1999,0,0,0
"707","JAX",2000,0,0,0
"708","JAX",2001,0,0,0
"709","JAX",2002,0,0,0
"710","JAX",2003,0,0,0
"711","JAX",2004,0,0,0
"712","JAX",2005,0,0,0
"713","JAX",2006,0,0,0
"714","JAX",2008,0,0,0
"715","JAX",2009,0,0,0
"716","JAX",2010,0,0,0
"717","KC",1997,0,0,0
"718","KC",1998,0,0,0
"719","KC",1999,0,0,0
"720","KC",2000,0,0,0
"721","KC",2001,0,0,0
"722","KC",2002,0,0,0
"723","KC",2003,0,0,0
"724","KC",2006,0,0,0
"725","KC",2008,0,0,0
"726","KC",2009,0,0,0
"727","KC",2010,0,0,0
"728","LA",1997,0,0,0
"729","LA",1998,0,0,0
"730","LA",1999,0,0,0
"731","LA",2000,0,0,0
"732","LA",2001,0,0,0
"733","LA",2003,0,0,0
"734","LA",2004,0,0,0
"735","LA",2005,0,0,0
"736","LA",2008,0,0,0
"737","LA",2010,0,0,0
"738","LAC",1994,0,0,0
"739","LAC",1995,0,0,0
"740","LAC",1996,0,0,0
"741","LAC",1997,0,0,0
"742","LAC",1998,0,0,0
"743","LAC",1999,0,0,0
"744","LAC",2000,0,0,0
"745","LAC",2001,0,0,0
"746","LAC",2002,0,0,0
"747","LAC",2003,0,0,0
"748","LAC",2004,0,0,0
"749","LAC",2005,0,0,0
"750","LAC",2007,0,0,0
"751","LAC",2008,0,0,0
"752","LV",1998,0,0,0
"753","LV",1999,0,0,0
"754","LV",2000,0,0,0
"755","LV",2001,0,0,0
"756","LV",2002,0,0,0
"757","LV",2003,0,0,0
"758","LV",2004,0,0,0
"759","LV",2006,0,0,0
"760","LV",2007,0,0,0
"761","LV",2009,0,0,0
"762","LV",2010,0,0,0
"763","MIA",1996,0,0,0
"764","MIA",1997,0,0,0
"765","MIA",1998,0,0,0
"766","MIA",1999,0,0,0
"767","MIA",2000,0,0,0
"768","MIA",2001,0,0,0
"769","MIA",2002,0,0,0
"770","MIA",2003,0,0,0
"771","MIA",2004,0,0,0
"772","MIN",1995,0,0,0
"773","MIN",1996,0,0,0
"774","MIN",1997,0,0,0
"775","MIN",1998,0,0,0
"776","MIN",1999,0,0,0
"777","MIN",2000,0,0,0
"778","MIN",2001,0,0,0
"779","MIN",2002,0,0,0
"780","MIN",2003,0,0,0
"781","MIN",2004,0,0,0
"782","MIN",2005,0,0,0
"783","MIN",2006,0,0,0
"784","MIN",2007,0,0,0
"785","MIN",2008,0,0,0
"786","MIN",2009,0,0,0
"787","NE",1995,0,0,0
"788","NE",1996,0,0,0
"789","NE",1997,0,0,0
"790","NE",1998,0,0,0
"791","NE",1999,0,0,0
"792","NE",2000,0,0,0
"793","NE",2001,0,0,0
"794","NE",2003,0,0,0
"795","NE",2007,0,0,0
"796","NE",2009,0,0,0
"797","NO",2004,0,0,0
"798","NO",2005,0,0,0
"799","NO",2007,0,0,0
"800","NO",2009,0,0,0
"801","NYG",1995,0,0,0
"802","NYG",1996,0,0,0
"803","NYG",1997,0,0,0
"804","NYG",1998,0,0,0
"805","NYG",1999,0,0,0
"806","NYG",2000,0,0,0
"807","NYG",2001,0,0,0
"808","NYG",2002,0,0,0
"809","NYG",2003,0,0,0
"810","NYG",2005,0,0,0
"811","NYG",2009,0,0,0
"812","NYJ",1994,0,0,0
"813","NYJ",1995,0,0,0
"814","NYJ",1996,0,0,0
"815","NYJ",1998,0,0,0
"816","NYJ",1999,0,0,0
"817","NYJ",2000,0,0,0
"818","NYJ",2001,0,0,0
"819","NYJ",2002,0,0,0
"820","NYJ",2004,0,0,0
"821","NYJ",2006,0,0,0
"822","NYJ",2007,0,0,0
"823","NYJ",2008,0,0,0
"824","NYJ",2009,0,0,0
"825","PHI",1996,0,0,0
"826","PHI",1997,0,0,0
"827","PHI",1998,0,0,0
"828","PHI",1999,0,0,0
"829","PHI",2000,0,0,0
"830","PHI",2001,0,0,0
"831","PHI",2002,0,0,0
"832","PHI",2003,0,0,0
"833","PHI",2004,0,0,0
"834","PHI",2007,0,0,0
"835","PHI",2008,0,0,0
"836","PHI",2009,0,0,0
"837","PHI",2013,0,0,0
"838","PIT",1995,0,0,0
"839","PIT",1996,0,0,0
"840","PIT",1997,0,0,0
"841","PIT",1998,0,0,0
"842","PIT",1999,0,0,0
"843","PIT",2000,0,0,0
"844","PIT",2001,0,0,0
"845","PIT",2002,0,0,0
"846","PIT",2003,0,0,0
"847","PIT",2005,0,0,0
"848","PIT",2006,0,0,0
"849","SEA",1994,0,0,0
"850","SEA",1995,0,0,0
"851","SEA",1996,0,0,0
"852","SEA",1997,0,0,0
"853","SEA",1998,0,0,0
"854","SEA",1999,0,0,0
"855","SEA",2000,0,0,0
"856","SEA",2001,0,0,0
"857","SEA",2003,0,0,0
"858","SEA",2004,0,0,0
"859","SEA",2005,0,0,0
"860","SEA",2006,0,0,0
"861","SEA",2007,0,0,0
"862","SF",1994,0,0,0
"863","SF",1996,0,0,0
"864","SF",1997,0,0,0
"865","SF",1998,0,0,0
"866","SF",1999,0,0,0
"867","SF",2000,0,0,0
"868","SF",2001,0,0,0
"869","SF",2002,0,0,0
"870","SF",2003,0,0,0
"871","SF",2004,0,0,0
"872","SF",2005,0,0,0
"873","SF",2006,0,0,0
"874","SF",2007,0,0,0
"875","SF",2009,0,0,0
"876","TB",1995,0,0,0
"877","TB",1996,0,0,0
"878","TB",1997,0,0,0
"879","TB",1998,0,0,0
"880","TB",1999,0,0,0
"881","TB",2000,0,0,0
"882","TB",2001,0,0,0
"883","TB",2002,0,0,0
"884","TB",2003,0,0,0
"885","TB",2004,0,0,0
"886","TB",2006,0,0,0
"887","TB",2007,0,0,0
"888","TB",2008,0,0,0
"889","TB",2009,0,0,0
"890","TEN",1995,0,0,0
"891","TEN",1996,0,0,0
"892","TEN",1997,0,0,0
"893","TEN",1998,0,0,0
"894","TEN",1999,0,0,0
"895","TEN",2000,0,0,0
"896","TEN",2001,0,0,0
"897","TEN",2002,0,0,0
"898","TEN",2003,0,0,0
"899","TEN",2004,0,0,0
"900","TEN",2005,0,0,0
"901","TEN",2006,0,0,0
"902","TEN",2007,0,0,0
"903","TEN",2009,0,0,0
"904","WAS",1999,0,0,0
"905","WAS",2000,0,0,0
"906","WAS",2001,0,0,0
"907","WAS",2002,0,0,0
"908","WAS",2003,0,0,0
